{
  "search": "Search",
  "search_result": "Search Result",
  "comment": "Comments",
  "comment_empty": "No Comment",
  "comment_name": "Name",
  "comment_email": "Email (Optional)",
  "comment_post": "Post",
  "table_of_contents": "Table Of Contents",
  "table_of_contents_items": [
    {
      "title1": "Regards"
    },
    {
      "title2": "Maspion Officially Opens"
    },
    {
      "title3": "Maspion Synergizes With The World Of Education"
    },
    {
      "title4": "Maspion Bank New Savings Program"
    },
    {
      "title5": "Dahsyatt Savings Will Print One Million MSMEs"
    },
    {
      "title6": "Maspion Electronic Products"
    },
    {
      "title7": "Maspion Household Products"
    },
    {
      "title8": "Artificial intelligence"
    },
    {
      "title9": "Maspion Pioneers of Economic Awakening During the Pandemic"
    },
    {
      "title10": "Jatuh Bangun Dunia Perfilman"
    },
    {
      "title11": "Astrotech Computer"
    },
    {
      "title12": "Iswa Computer"
    },
    {
      "title13": "Name of SMK Negeri 1 Surabaya is Mentioned in PFF"
    },
    {
      "title14": "Begini Cara SMK Negeri 1 Hadapi Pandemi"
    },
    {
      "title15": "Bersatunya Anak-Anak Teknologi"
    },
    {
      "title16": "Tak Kenal Maka Tak Sayang"
    },
    {
      "title17": "Salam Rindu"
    }
  ],
  "p1": {
    "title": "Regards",
    "subtitle": "",
    "paragraph1": "Hello, how are you all? Alhamdulillah, Allah SWT who has helped a lot, smoothing the work of  Oracle Magazine. In the first edition of Oracle Magazine, there are many interesting things from friends. The excitement of getting to know the technology that will never end is discussed, it is increasingly developing. Are you ready to go on an adventure in theworld of technology with Oracle? It’s... that’s not all. Ready to play games together? But if you lose, don’t cry... Okay lets go!."
  },
  "p2": {
    "title": "ALIM MARKUS",
    "subtitle": "CEO Maspion Grup",
    "paragraph1": "An Indonesian businessman as well as a Maspion Group business owner"
  },
  "p3": {
    "title": "Maspion Officially Opens",
    "subtitle": "IT Sales Center",
    "paragraph1": "SURABAYA – As the second metropolitan city, Surabaya deserves the title of the largest. Both in East Java and East Indonesia. The predicate was more complete when Information Technology arrived.",
    "paragraph2": "The presence of Maspion IT deserves to be called the largest and most comprehensive IT center in East Java and East Indonesia. Because here provides all the needs of information technology products. Such as Personal Computers (PCs), laptops, printers, computer accessories, infocus, cellphones, cash registers, attendance, safe, even drones (surveillance aircraft).",
    "paragraph3": "The current leader of Maspion, Alim Markus wants to ensure that the IT center is in Maspion Square and can become the largest, most trusted IT mall in East Java as well as East Indonesia. The existence of Maspion IT is a new platform that accommodates many traders from the Hi-Tech Mall, Maspion Technology (Mastech) itself, and also utilizes many well-known technology product vendors and distributors. Like Asus, Acer, and MSI."
  },
  "p4": {
    "paragraph1": "To introduce Maspion IT, there are also technology product auctions. Such as PCs, laptops, printers and others. The auction is attractive because it is open and does not use a written method. To guarantee the principles of openness and honesty, all staff, employees, tenant owners on Maspion Square are prohibited from participating in this auction.",
    "paragraph2": "This auction is one of Maspion’s strategies to attract enthusiasm from the public.",
    "paragraph3": "From here the public will begin to know that Maspion IT exists, the new image of the Maspion Group, which has long been known as a household appliance factory.",
    "paragraph4": "he big hope of Maspion Group leader, Alim Markus was to create the largest IT center in Indonesia after the closing of Hi-Tech Mall several years ago. Surabaya, East Indonesia must again have the biggest IT Icon again."
  },
  "p5": {
    "title": "MASPION SYNERGIZES WITH THE WORLD OF EDUCATION",
    "paragraph1": "SURABAYA-Maspion Group together with the Vocational Education Alliance of East Java and 17 August University (Untag) collaborated on Link and Super Match 300 public and private SMKs as an effort to digitize transformation of SMEs and IKM.",
    "paragraph2": "The synergy between all vocational schools in East Java and Maspion was carried out in order to produce a million information technology entrepreneurs. This Link and Super Match effort is also part of efforts to accelerate economic recovery through a digital transformation for MSMEs and Small and Medium Industries (IKM). Link and Super Match between SMK and the industrial world can make students get support from vocational training institutions to become professional workforce. Producing quality human resources who are able to compete competitively in the industrial world."
  },
  "p6": {
    "paragraph1": "As a follow-up process for Link and Match, in the near future Maspion will build the largest IT specialty mall in Eastern Indonesia to accommodate the established Human Resources. The absorption of professional workforce was carried out by Maspion IT to fill, providing a place for these graduates. Maspion IT also opens up opportunities for a new world of work which is the main answer to the 4.0 era.",
    "paragraph2": "Maspion hopes that it can continue to strive to develop information technology in a direction that is more friendly to all people, simplifies, and can guarantee all activities in all sectors. In addition, the presence of Maspion IT can be a new professional and quality job opportunity. “We do it with all SMK junior high school students who can master IT.” Said Maspion Group President, Director, Alim Markus when signing the MoU Maspion with East Java and Untag Appvocation."
  }
}