{
  "search": "Pencarian",
  "search_result": "Hasil Pencarian",
  "comment": "Komentar",
  "comment_empty": "Belum ada komentar",
  "comment_name": "Nama",
  "comment_email": "Email (Opsional)",
  "comment_post": "Kirim",
  "table_of_contents": "Daftar Isi",
  "table_of_contents_items": {
    "title1": "Salam Pembuka",
    "title2": "Maspion Resmi Buka",
    "title3": "Maspion Bersinergi Dengan Dunia Pendidikan",
    "title4": "Program Tabungan Baru Bank Maspion",
    "title5": "Tabungan Dahsyat Mencetak Sejuta UMKM",
    "title6": "Produk Elektronik Maspion",
    "title7": "Produk Rumah Tangga Maspion",
    "title8": "Kecerdasan Buatan",
    "title9": "Maspion Pelopori Kebangkitan Ekonomi Di Masa Pandemi",
    "title10": "Jatuh Bangun Dunia Perfilman",
    "title11": "Astrotech Computer",
    "title12": "Iswa Computer",
    "title13": "Nama SMK Negeri 1 Surabaya Disebut Dalam PFF",
    "title14": "Begini Cara SMK Negeri 1 Hadapi Pandemi",
    "title15": "Bersatunya Anak-Anak Teknologi",
    "title16": "Tak Kenal Maka Tak Sayang",
    "title17": "Salam Rindu"
  },
  "p1": {
    "title": "Salam Pembuka",
    "paragraph1": "Halo, apa kabar kalian semua? Alhamdulillah kepada Allah SWT yang sudah banyak membantu, memperlancar pengerjaan Oracle Magazine. Pada edisi pertama Oracle Magazine ini banyak yang menarik loh teman-teman. Seru-seruan mengenal teknologi yang tidak akan ada habisnya dibahas, semakin hari semakin berkembang. Gimana, sudah siap ikut petualangan di dunia teknologi bersama Oracle? Eitsss...nggak cuma itu kok. Siap ngegame bareng? Tapi kalau kalah jangan nangis ya... Yuhu langsung cekidot aja yuk."
  },
  "p2": {
    "title": "ALIM MARKUS",
    "subtitle": "CEO Maspion Grup",
    "paragraph1": "Seorang pengusaha Indonesia sekaligus sebagai pemilik bisnis Maspion Grup"
  },
  "p3": {
    "title": "Maspion Resmi Buka",
    "subtitle": "Pusat Penjualan IT",
    "paragraph1": "SURABAYA– Sebagai kota metropolitan kedua, Surabaya selayaknya menyandang predikat terbesar. Baikdi Jawa Timurmaupun Indonesia Timur. Predikat itu bertambah lengkap saat Maspion Informasi Teknologi (Maspion IT) hadir.",
    "paragraph2": "Kehadiran Maspion IT layak disebut sebagai pusat IT terbesar dan terlengkap di Jatim dan Indonesia Timur. Karenadisinimenyediakan segala kebutuhan produk teknologi informasi. Seperti, Personal Computer (PC), laptop, printer, aksesoriskomputer, infocus, handphone, mesin kasir, absensi, brankas, bahkan drone (pesawat pengintai).",
    "paragraph3": "Pimpinan Maspion saat ini, Alim Markus ingin memastikan pusat IT ada di Maspion Squaredan dapat menjadi mall IT terbesar, terpecaya di Jawa Timur sekaligus Indonesia Timur. Keberadaan Maspion ITmenjadi wadah baru yang mengakomodirbanyakpedagang dari Hi-TechMall, Maspion Technology (Mastech) sendiri, dan juga banyak dimanfaatkan beberapa vendor serta distributor produk teknologi ternama. Seperti, Asus, Acer, dan MSI."
  },
  "p4": {
    "paragraph1": "Untuk memperkenalkan Maspion IT, juga ada lelang produk teknologi. Seperti PC, laptop, printer dan lain-lain. Lelang menjadi menarik karena bersifat terbuka dan tidak menggunakan metode tertulis. Untuk menjamin prinsip keterbukaan dan kejujuran, seluruh staff, karyawan, pemilik tenant di Maspion Square dilarang mengikuti lelang ini.",
    "paragraph2": "Lelang ini merupakan salah satu bentuk strategi Maspion untuk menarik antusias dari masyarakat.",
    "paragraph3": "Dari sini masyarakat akan mulai tahu ada Maspion IT, citra baru Maspion Grup yang sejak dulu akrab dikenal sebagai pabrik perkakas rumah tangga.",
    "paragraph4": "Harapan paling besar dari pemimpin Maspion Grup, Alim Markus adalah dapat mewujudkan pusat IT terbesar di Indonesia setelah tutupnya Hi-TechMall beberapa tahun yang lalu. Surabaya, Indonesia Timur harus bisa kembali memiliki Icon IT terbesar lagi."
  },
  "p5": {
    "title": "MASPION BERSINERGI DENGAN DUNIA PENDIDIKAN",
    "paragraph1": "SURABAYA- Maspion Grup bersama dengan Aliansi Pendidikan Vokasi seluruh Indonesia Jatim dan Universitas 17 Agustus (Untag) melakukan kerja sama Link and Super Match 300 SMK Negeri dan swasta sebagai upaya transformasi digital UMKM dan IKM.",
    "paragraph2": "Sinergi antara seluruh SMK di Jatim dengan Maspion dilakukan guna mencetak sejuta pelaku usaha teknologi informasi. Upaya Link and Super Match ini juga menjadi bagian dari upaya percepatan pemulihan ekonomi melalui transformasi digital untuk UMKM dan Industri Kecil Menengah (IKM). Link and Super Matchantara SMK dan dunia industri bisa membuat siswa mendapatkan dukungan dari lembaga pelatihan vokasional untuk menjadi tenaga kerja profesional. Menghasilkan Sumber Daya Manusia yang berkualitas dan mampu bersaing secara kompetitif di dunia industri."
  },
  "p6": {
    "paragraph1": "Sebagai proses tindak lanjut Link andMatch,dalam waktu dekat Maspion akan membangun mal khusus IT terbesar di Indonesia Timur untuk mengakomodir Sumber Daya Manusia yang telah terbentuk. Penyerapan tenaga kerja profesional dilakukan Maspion IT untuk menampung, memberi wadah bagi para lulusan ini. Maspion IT juga membuka peluang dunia kerja baru yang menjadi jawaban utama dari era 4.0.",
    "paragraph2": "Harapannya Maspion dapat terus berupaya mengembangkan teknologi informasi ke arah yang lebih bersahabat dengan semua orang, mempermudah, dan dapat menjamin semua aktivitas di semua sektor. Selain itu hadirnya Maspion IT dapat menjadi peluang lapangan pekerjaan baru yang profesional dan berkualitas.“Kita lakukan ini dengan seluruh SMK supaya anak-anak muda bisa menguasai IT.” Kata Presiden Direktur Maspion Grup, Alim Markus saat penandatangan MoU Maspion dengan Apvokasi Jatim dan Untag."
  },
  "p7": {
    "title": "Program Tabungan Baru Bank Maspion",
    "paragraph1": "Di masa pandemi seperti sekarang perekonomian goyah. Bank Maspion peduli dengan memperhatikan ekonomi rakyat kecil menengah. Tabungan Dahsyatt hadir untuk mereka dari Bank Maspion.",
    "paragraph2": "Tabungan Dahsyatt menjadi program Bank Maspion yang diperuntukkan bagi Usaha Mikro Kecil Menengah (UMKM). Tabungan Dahsyatt sendiri merupakan singkatan dari Dagang Saya dan Teman-teman menciptakan sejuta UMKM. Bank Maspion mempersembahkan tabungan Dahsyatt agar UMKM dapat meningkatkan usaha mereka.",
    "paragraph3": "Kebangkitan ekonomi di Indonesia harus ada yang memulai. UMKM adalah usaha yang tidak akan mati dalam kondisi apapun. Perlu adanya dukungan dari semua pihak. Bank Maspion sudah memberikan beberapa pilihan yang memfasilitasi, masyarakat hendaknya turut menyemarakkan program Bank Maspion. Kepercayaan menjadi hal utama yang dipertimbangkan. Bank Maspion senantiasa memberikan kemudahan dan kepastian. Banyak yang ditawarkan Bank Maspion."
  }
}