{
  "search": "Telusuran",
  "search_result": "Hasil Telusuran",
  "comment": "Komentar",
  "comment_empty": "Gak onok komentar",
  "comment_name": "Jeneng",
  "comment_email": "Email (Opsional)",
  "comment_post": "Kirim",
  "table_of_contents": "Daftar Isi",
  "table_of_contents_items": [
    {
      "title1": "Salam Pembuka"
    },
    {
      "title2": "Maspion Resmi Mbuka"
    },
    {
      "title3": "Sinergine Maspion Karo Dunia Pendidikan"
    },
    {
      "title4": "Program Anyare Tabungan Bank Maspion"
    },
    {
      "title5": "Tabungan Dahsyatt Bakal Ngehasilno Sakjuta UMKM"
    },
    {
      "title6": "Produk Elektronik Maspion"
    },
    {
      "title7": "Produk Rumah Tangga Maspion"
    },
    {
      "title8": "Kecerdasan Gaean"
    },
    {
      "title9": "Maspion Pelopori Bangkite Ekonomi nang Wayah Pandemi"
    },
    {
      "title10": "Jatuh Bangun Dunia Perfilman"
    },
    {
      "title11": "Astrotech Computer"
    },
    {
      "title12": "Iswa Computer"
    },
    {
      "title13": "Jenenge SMK Negeri 1 diceluk nang PFF"
    },
    {
      "title14": "Begini Cara SMK Negeri 1 Hadapi Pandemi"
    },
    {
      "title15": "Bersatunya Anak-Anak Teknologi"
    },
    {
      "title16": "Tak Kenal Maka Tak Sayang"
    },
    {
      "title17": "Salam Rindu"
    }
  ],
  "p1": {
    "title": "Salam Pembuka",
    "subtitle": "",
    "paragraph1": "Halo, yaopo kabare rek? Alhamdulillah nang Allah SWT sing wes akeh ngewangi ngelancarno pas nggarap Oracle Magazine. Nang edisi pertama Oracle Magazine iki akeh sing menarik loh rek. Seru-seruan kenalan karo teknologi sing nggak onok entek-enteke dibahas, tambah dino tambah berkembang. Yaopo, wes siap melu petualangan nang dunia teknologi karo Oracle? Eitsss...nggak cuma iku. Siap ngegame bareng? Tapi lak kalah yo ojok nangis... Yuhu langsung ae cekidot yok."
  },
  "p2": {
    "title": "ALIM MARKUS",
    "subtitle": "CEO Maspion Grup",
    "paragraph1": "Pengusaha Indonesia pisan dadi sing duwe bisnis Maspion Grup"
  },
  "p3": {
    "title": "Maspion Resmi Mbuka",
    "subtitle": "Pusat Dodolan IT",
    "paragraph1": "SURABAYA– Dadi kota metropolitan keloro, Surabaya pantes entuk predikat paling gede. Nang Jawa Timur menyisan sak  Indonesia Timur. Predikat iku tambah lengkap pas Maspion Informasi Teknologi (Maspion IT) muncul.",
    "paragraph2": "Muncule Maspion  IT  isok disebut dadi pusate IT paling gede, lengkap sak Jatim Indonesia Timur. Soale nang kene nyediakno kabeh barang produk teknologi informasi. Koyok PC, laptop, printer, pernak pernike komputer, infocus, HP, mesin kasir, mesin absensi, brankas sampe pesawat drone (pesawat pengintai).",
    "paragraph3": "Pimpinane Maspion saiki, Alim Markus pengen mastikno pusat IT sing nang Maspion Square isok dadi mal IT paling gede, isok dipercoyo nang Jawa Timur sak Indonesia Timur. Muncule Maspion IT, selain onok akeh pedagang teko eks Hi Tech Mall ambek Maspion Technology (Mastech), akeh sisan dimanfaatno vendor ambek distributor produk teknologi sing duwe jeneng kayak Asus, Acer ambek MSI."
  },
  "p4": {
    "paragraph1": "Gawe ngenalno Maspion IT, onok sisan lelang produk teknologi. Kayak PC, laptop, printer ambel liya-liyane. Lelange dadi menarik soale sifate terbuka karo nggak gawe metode nulis. Kabeh iku mau gawe njamin prinsip keterbukaan ambek kejujuran. Kabeh staff, karyawan, sing duwe toko nang Maspion Square nggak oleh melok lelang iki.",
    "paragraph2": "Lelang iki yaiku salah siji bentuk strategie Maspion gawe narik antusiase masyarakat.",
    "paragraph3": "Teko kene masyarakat bakal kenal ambek ngerti onok Maspion IT, sing dadi citra anyare Maspion Grup sing ket biyen dikenale dadi pabrik alat-alat rumah tangga.",
    "paragraph4": "Harapan sing paling gede teko pimpinane Maspion Grup, Alim Markus yaiku isok ndadino pusat IT paling gede sak Indonesia marine Hi-Tech Mall sing tahun wingi wes tutup. Surabaya, Indonesia Timur kudu isok duwe Icon IT sing gede maneh."
  },
  "p5": {
    "title": "SINERGINE MASPION KARO DUNIA PENDIDIKAN",
    "paragraph1": "SURABAYA- Maspion Grup bareng karo Aliansi Pendidikan Vokasi kabeh sak Indonesia Jatim ambek Universitas 17 Agustus (Untag) gawe kerja sama Link and Super Match 300 SMK Negeri ambek swasta iki dadi upaya transformasi digital UMKM ambek IKM.",
    "paragraph2": "Gabungan kerja sama karo kabeh SMK sak Jatim bareng Maspion iki dijalakno supaya isok dadino sakjuta pelaku usaha teknologi informasi. Usaha Link and Super Match iki dadi bagian teko upaya nyepetno pemulihan ekonomi lewat transformasi digital gawe UMKM ambek Industri Kecil Menengah (IKM). Link and Super Match antara SMK karo dunia industri isok gawe siswa ngolehno dukungan teko lembaga pelatihan vokasional ben isok dadi tenaga nyambut gawe sing profesional. Ngehasilno Sumber Daya Manusia sing berkualitas ambek isok saingan secara kompetitif nang dunia industri."
  },
  "p6": {
    "paragraph1": "Nindak lanjuti proses Link and Super Match, nggak suwi iki Maspion bakal mbangun mal khusus IT paling gede sak Indonesia Timur gawe akomodir Sumber Daya Manusia sing mari dibentuk. Penyerapan tenaga kerja pofesional dilakoni Maspion IT gawe nampung, ngekeki panggon gawe para lulusan iki. Maspion IT yo pisan mbuka lowongan kerjo anyar sing dadi jawaban utama teko era 4.0.",
    "paragraph2": "Harapane Maspion isok terus ngembangno teknologi informasi nang arah sing lebih cedek karo kabeh uwong, nggampangno ambek isok njamin aktivitas nang kabeh sektor. Liyane iku, Maspion pengen isok dadi peluang lowongan kerjo anyar sing profesional ambek berkualitas. “Awake dewe ngelakoni iki ambek kabeh SMK ben arek-arek enome isok nguasai IT.”Jare Presiden Direktur Maspion Alim Markus pas nanda tangani MoU Maspion karo Apvokasi Jatim ambek Untag."
  }
}